date,yt_pred_time_trend_1_dummy,yt_pred_time_trend_2_dummy,yt_pred_time_trend_3_dummy,yt_true,yt_pred_time_trend_3_fourier,yt_pred_stacked_mlp,yt_pred_d1d13_ar13
1946-01-01,1095.0249999999996,1444.1986161805282,1197.389238901434,890,1138.2402635831345,,
1946-02-01,1077.3934210526309,1417.7272045877485,1182.2558001361926,992,1250.6692805200862,,
1946-03-01,1214.0776315789467,1545.571580333774,1321.147433439697,979,1282.0046880942205,,
1946-04-01,1322.1302631578942,1644.7843762768964,1431.1167703908948,959,1425.2150843147797,,
1946-05-01,1385.0249999999994,1698.8392767432097,1495.6374952003112,1110,1564.724162238021,,
1946-06-01,1539.498684210526,1844.4731228817816,1651.4464499732094,1546,1531.9319146678758,,
1946-07-01,1929.7092105263152,2225.843808421363,2042.701529446432,1539,2199.8856639478436,,
1946-08-01,3034.4986842105254,3321.7934352765883,3148.2448388831363,3401,2989.310342888406,,
1946-09-01,2284.7092105263155,2563.164126676638,2398.9184835464807,2092,2535.851832234697,,
1946-10-01,1815.656578947368,2085.2716571630144,1930.0382529101491,1436,1845.1812415880115,,
1946-11-01,1636.1302631578942,1896.9055003584635,1750.393620658352,1301,1778.8667492289237,,
1946-12-01,1397.603947368421,1649.539342910743,1511.4582710016157,1287,1539.9901752271933,,
1947-01-01,1220.8175438596486,1464.4041988595166,1362.532522178096,1488,1302.454767202872,,
1947-02-01,1203.18596491228,1438.9149915567891,1344.9249807775234,1517,1412.430127355235,1205.909176660877,
1947-03-01,1339.870175438596,1567.7415715928676,1481.3748133795789,1707,1441.3439891327478,1282.3323781895367,
1947-04-01,1447.9228070175432,1667.9365718260424,1588.93465156321,1729,1582.1649505446517,1273.4332926946752,
1947-05-01,1510.8175438596486,1722.9736765824082,1651.0781795389414,1788,1719.316704647205,1335.6017470015538,
1947-06-01,1665.291228070175,1869.589727011033,1804.542239412037,2008,1684.1992442443377,1497.3697155066293,
1947-07-01,2055.5017543859644,2251.942616840667,2193.4847259193393,2203,2349.8598916795495,1863.957944914858,
1947-08-01,3160.291228070175,3348.8744479859447,3296.747744324005,3713,3137.023579763324,2894.159199623361,
1947-09-01,2410.5017543859644,2591.227343676047,2545.173399889193,2946,2681.3361892407934,2863.775341039616,
1947-10-01,1941.449122807017,2114.317078452476,2074.077482088587,2082,1988.4688297132525,2029.6152359782664,
1947-11-01,1761.9228070175432,1926.9331259379776,1892.249464606398,2033,1919.989679461276,1480.9424720209252,
1947-12-01,1523.39649122807,1680.5491727803098,1651.1630316531518,1937,1678.9805585546237,1537.4542162262412,
1948-01-01,1346.610087719298,1496.3962330191357,1500.118501467004,1711,1439.3447146133474,1652.0117303249654,
1948-02-01,1328.9785087719292,1471.8892300064613,1480.4244806376855,1775,1547.2517498367215,1669.055356603778,
1948-03-01,1465.662719298245,1601.698014332592,1614.8201357448777,1902,1574.1293976732125,1883.153469313908,1972.2558449289331
1948-04-01,1573.7153508771923,1702.8752188558194,1720.3580983675267,1846,1712.946256132061,1939.4147306052544,1965.2077776186552
1948-05-01,1636.6100877192978,1758.894527902238,1780.5120527161591,2083,1848.1260182695255,1892.824074311289,2015.5355067383657
1948-06-01,1791.0837719298245,1906.4927826209148,1932.018840896037,2262,1811.0686768895364,2084.893448401106,2424.4744858631075
1948-07-01,2181.2942982456134,2289.827876740602,2319.036357644004,2193,2474.8215543355936,2533.9061811109777,2359.0735418264676
1948-08-01,3286.083771929824,3387.741912175932,3420.406708223217,3792,3260.1095834181788,3224.9487829434306,3968.0454167379567
1948-09-01,2536.2942982456134,2631.0770121560868,2666.971997896834,2343,2802.5786448824265,3492.979939566472,2808.073884261493
1948-10-01,2067.2416666666663,2155.1489512225685,2194.0480161385394,2313,2107.8998483296305,2224.277276172518,1778.0672838479368
1948-11-01,1887.7153508771928,1968.747202998123,2010.4242366325432,2179,2037.6413720403657,2132.686406582887,2014.340903926257
1948-12-01,1649.1890350877188,1723.3454541305075,1767.5743435893723,1975,1794.8850360843912,2016.651243986959,2064.639740338307
1949-01-01,1472.402631578947,1540.174718659386,1614.798655247182,1880,1553.5340880817598,1838.4356306677507,1946.7376166864842
1949-02-01,1454.7710526315784,1516.6499199367645,1593.4057781957035,1930,1659.758130231745,1896.2684076311289,1920.0382763384187
1949-03-01,1591.4552631578945,1647.4409085529476,1726.134879014617,2060,1684.9848959828144,2049.004682792034,1982.7815379669228
1949-04-01,1699.5078947368415,1749.6003173662275,1830.03858928287,1843,1822.1829833442075,2077.0926070099385,2044.2205330800784
1949-05-01,1762.402631578947,1806.6018307026984,1888.590593210988,2052,1955.776085372184,2074.258581588245,2085.381469378394
1949-06-01,1916.8763157894732,1955.182289711428,2038.5277329042344,2039,1917.1641948706724,2213.790710950876,2220.6510949977437
1949-07-01,2307.086842105263,2339.499588121168,2424.0079030994516,2351,2579.3946341831743,2433.3403924149293,2249.044692701502
1949-08-01,3411.8763157894728,3438.3958278465507,3523.873209059796,3394,3363.1923361201716,3251.918120124103,3762.607581117476
1949-09-01,2662.086842105263,2682.713132116758,2768.9657560484275,3581,2904.2031814267966,3016.640934569318,2548.4353384914266
1949-10-01,2193.0342105263153,2207.767275473292,2294.6013335390294,2489,2208.0982797043453,3097.2310394574856,2640.605934145343
1949-11-01,2013.5078947368415,2022.347731538899,2109.569415215812,2468,2136.4458092333916,2336.367524001349,2469.6987478975752
1949-12-01,1774.9815789473682,1777.9281869613365,1865.343685289302,2134,1892.327590083696,2176.2384981414443,2226.1934964846605
1950-01-01,1598.1951754385962,1595.7396557802676,1711.2244619976543,1903,1649.6468698753088,1995.8158248486689,2046.4588016074372
1950-02-01,1580.5635964912276,1573.1970613476983,1688.5203519306006,1719,1754.5732508075057,1989.7650353954864,1992.4703447260513
1950-03-01,1717.2478070175434,1704.9702542539344,1819.9705216678208,1617,1778.5344663287528,2031.4423562616848,2074.5844593709207
1950-04-01,1825.3004385964907,1808.1118673572669,1922.6276027882632,1818,1914.499114448291,1940.6552377093003,1683.1418042594455
1950-05-01,1888.195175438596,1866.0955849837903,1979.9652795024529,2067,2046.8908882223784,2077.573837744581,1980.5450024229012
1950-06-01,2042.6688596491224,2015.658248282573,2128.720393915652,2457,2007.109780454945,2178.556972238541,2195.6997235199233
1950-07-01,2432.879385964912,2400.957750982365,2513.050840764705,2600,2668.203113489491,2700.5676431352476,2317.670010183856
1950-08-01,3537.668859649122,3500.8361949978007,3611.798725312768,3530,3450.8958201365,3381.3386982588295,3950.1145212137862
1950-09-01,2787.879385964912,2746.1357035580604,2855.8061528229982,2693,2990.833781141104,3732.599047539771,2955.789534250798
1950-10-01,2318.8267543859647,2272.1720512046472,2380.388912769082,2448,2293.688106104597,2701.1937008081413,2185.3620439955557
1950-11-01,2139.300438596491,2087.7347115603066,2194.3364788352283,2250,2221.0269733075547,2469.3638873067334,2356.6332822085787
1950-12-01,1900.7741228070172,1844.2973712727965,1949.1225352319643,1972,1975.9322028197369,2177.622693083817,2083.9272758649695
1951-01-01,1723.987719298245,1663.0910443817804,1794.0474001974449,1682,1732.3070422611945,1950.7759584536248,1834.4339849892567
1951-02-01,1706.3561403508766,1641.5306542392636,1770.4196803214013,1730,1836.3210938312031,1781.4902031863962,1632.151266373403
1951-03-01,1843.0403508771924,1774.286051435552,1900.9785421835136,1814,1859.402090978228,1831.8217273083767,1650.043153164224
1951-04-01,1951.09298245614,1878.4098688289373,2002.7766173627308,1900,1994.518631711511,1963.8622641446311,1735.5211881898458
1951-05-01,2013.987719298245,1937.3757907455135,2059.2875900695767,2051,2126.09440908731,2144.152572075087,2059.4323092802033
1951-06-01,2168.4614035087716,2087.9206583343484,2207.2483024093144,2290,2085.5294159095542,2411.9987252096803,2243.0639720915124
1951-07-01,2558.6719298245607,2474.202365324193,2590.8166491187885,2599,2745.8709745217457,2769.0959779411096,2505.690404479523
1951-08-01,3663.461403508771,3575.0630136296813,3688.8347354611537,3428,3527.8440177343655,3294.6471602967913,3447.2218188010147
1951-09-01,2913.6719298245607,2821.344726479994,2932.14466669957,2262,3067.0944262925473,3229.347003890203,3216.806776688809
1951-10-01,2444.6192982456137,2348.363278416633,2456.06223230772,2242,2369.2933097975847,2411.6696728695115,2018.5965940809683
1951-11-01,2265.09298245614,2164.908143062345,2269.376905969816,2103,2296.008846530054,2225.986411534261,1945.350122515054
1951-12-01,2026.5666666666664,1922.4530070648875,2023.5623718963832,1825,2050.322856559714,1997.8971869980012,1810.473888536565
1952-01-01,1849.7802631578943,1742.228884463924,1867.9189483255773,1670,1806.138587506617,1764.938496807097,1564.454436928192
1952-02-01,1832.148684210526,1721.6506986114598,1843.7552418471296,1681,1909.6256415700364,1792.8236390046293,1574.520393196577
1952-03-01,1968.8328947368416,1855.388300097801,1973.81041904072,1713,1932.2117521984392,1891.206649475684,1586.8698042319584
1952-04-01,2076.885526315789,1960.4943217812388,2075.1371114852964,1954,2066.8655174010664,1919.1028244791269,1792.4934808245735
1952-05-01,2139.7802631578943,2020.4424479878676,2131.2090033913846,1876,2198.010630234177,2108.3941124616217,2064.0757810885334
1952-06-01,2294.253947368421,2171.969519866755,2278.7629368642465,2272,2157.0470835016995,2207.8093877538095,2292.972049805392
1952-07-01,2684.46447368421,2559.233431146652,2661.956806640726,2612,2817.0221995471356,2733.6900191222726,2496.1662001117747
1952-08-01,3789.25394736842,3661.076283742193,3759.632717983979,3590,3598.6609111809667,3180.8044930512915,3402.3170645587597
1952-09-01,3039.46447368421,2908.340200882558,3002.6327761571656,2496,3137.609099148326,3044.3978895033088,2527.949162726716
1952-10-01,2570.4118421052626,2436.34095710925,2526.2727706339692,2441,2439.537873050509,2393.7043620233767,2391.2745564996276
1952-11-01,2390.8855263157893,2253.868026045014,2339.342175098599,2340,2366.015411168089,2220.6471577788975,2195.558485689038
1952-12-01,2152.3592105263156,2012.39509433761,2093.314673761583,2090,2120.123533570827,2018.2979385608176,2020.7599051116322
1953-01-01,1975.5728070175437,1833.153176026699,1937.490584861076,1812,1875.7654878787744,1864.1554159885363,1841.8684165104205
1953-02-01,1957.941228070175,1813.5571944642872,1913.1785149868092,1788,1979.1108762912056,1816.6704865561255,1852.2640728521565
1953-03-01,2094.6254385964908,1948.277000240681,2043.1176307184624,1837,2001.587432256587,1912.3950347339191,1915.464999225719
1953-04-01,2202.6780701754383,2054.3652262141713,2144.3605636349844,1993,2136.163753784159,2005.720384707393,2021.0194374229977
1953-05-01,2265.5728070175437,2115.295556710853,2200.3809979468992,2021,2267.26353393018,2054.8273351053876,2065.683179986679
1953-06-01,2420.04649122807,2267.8048328797927,2347.9157757594708,2199,2226.2867654985807,2295.872143032576,2381.239722657475
1953-07-01,2810.2570175438595,2656.0509484497425,2731.122791809542,2622,2886.280770832861,2744.808213166379,2609.9441725559764
1953-08-01,3915.0464912280695,3758.876005335336,3828.8441513602697,3787,3667.970482743504,3314.049780571979,3529.7495547515427
1953-09-01,3165.2570175438595,3007.122126765754,3071.9219596748108,2914,3207.0017819756413,3318.8876987075237,2554.2235968120904
1953-10-01,2696.204385964912,2536.105087282498,2595.6720062268514,2487,2509.0457781305686,2800.5059736954613,2726.6867451614507
1953-11-01,2516.6780701754383,2354.6143605083153,2408.883764700602,2314,2435.6706494888604,2428.4612879268507,2482.9406570020956
1953-12-01,2278.1517543859645,2114.1236330909633,2163.030919306588,2139,2189.958216120276,2166.385387604842,2056.640816530725
1954-01-01,2101.365350877193,1935.8639190701049,2007.4137882829652,2124,1945.811725644868,1971.421418556529,1891.643382800355
1954-02-01,2083.733771929824,1917.2501417977455,1983.340978219464,2214,2049.40078026191,2026.1910545552691,2047.092538308435
1954-03-01,2220.4179824561397,2052.952151864192,2113.551655695766,2234,2072.153113419869,2188.8486152580685,2188.9106921105576
1954-04-01,2328.4706140350872,2160.022582127735,2215.0984522908184,2279,2207.0373231279855,2266.389693412767,2397.5923975792393
1954-05-01,2391.3653508771927,2221.935116914469,2271.4550522151458,2423,2338.477102442518,2265.411107100131,2251.754149424397
1954-06-01,2545.839035087719,2375.4265973734614,2419.358297574012,2290,2297.8724441673976,2447.1650391086528,2605.2059702262122
1954-07-01,2936.0495614035085,2764.6549172334644,2802.96608310426,2903,2958.270670646122,2804.0615208735735,2862.1593079036884
1954-08-01,4040.839035087719,3868.46217840911,3901.1205140690454,4485,3740.396714689175,3597.9199930266395,3981.396229431487
1954-09-01,3291.049561403508,3117.6905041295804,3144.663695731529,3085,3279.896457041691,3872.9269081491975,3287.061570222675
1954-10-01,2821.9969298245614,2647.6556689363774,2668.911417565393,2852,2582.441007304963,2943.684387109552,2942.9117598776293
1954-11-01,2642.4706140350872,2467.1471464522474,2482.653153254849,2629,2509.598543759566,2617.409691671752,2725.3903657133014
1954-12-01,2403.944298245614,2227.6386233249477,2237.362587010422,2435,2264.4508864752606,2406.714500256828,2468.0376094190797
1955-01-01,2227.1578947368416,2050.361113594142,2082.340037070268,2227,2020.9012830720967,2329.9341626204778,2317.528387179341
1955-02-01,2209.5263157894733,2032.729540611835,2058.894110024119,1944,2125.1193357493503,2333.49403901878,2340.9693424101124
1955-03-01,2346.210526315789,2169.413754968334,2189.763972451654,2125,2148.5327779554864,2315.9242316487466,2142.592934682514
1955-04-01,2454.2631578947367,2277.4663895219296,2292.002255931822,2260,2284.1102076997477,2433.3009864959427,2276.4975961192904
1955-05-01,2517.1578947368416,2340.3611285987163,2349.082644675148,2299,2416.2753180383916,2495.5662249826346,2357.0249417504992
1955-06-01,2671.6315789473683,2494.834813347761,2497.741980786894,2323,2376.428101775349,2489.2800867127858,2347.4866481199406
1955-07-01,3061.8421052631575,2885.045337497817,2882.1381590039036,2659,3037.615881254118,3110.9317016651175,2907.7742384582943
1955-08-01,4166.631578947367,3989.834802963515,3981.1132845893353,3761,3820.563589285184,3838.05671924993,4038.965598575899
1955-09-01,3416.8421052631575,3240.045332974038,3225.5094628063443,2779,3360.917106613677,3662.3643359255448,2743.660015664742
1955-10-01,2947.78947368421,2770.992702070888,2750.642483128616,2761,2664.3475428408938,3010.138836729269,2463.585475053731
1955-11-01,2768.2631578947367,2591.46638387681,2565.301819240363,2446,2592.423076247408,2810.4035509360124,2441.98325304631
1955-12-01,2529.7368421052633,2352.940065039563,2320.961155352109,2278,2348.2255269029793,2511.828518927322,2272.578167906351
1956-01-01,2352.950438596491,2176.6447595988097,2166.92080970201,1879,2105.658142427659,2280.0399452592205,2063.447005838523
1956-02-01,2335.3188596491223,2159.995390906556,2144.489388879798,1881,2210.890525020726,2024.8083840048,1821.3105596980467
1956-03-01,2472.003070175438,2297.6618095531076,2276.406059465152,2165,2235.350408130639,2197.4447551124586,1944.7964647125273
1956-04-01,2580.055701754386,2406.696648396756,2379.723453037021,2199,2372.006389766646,2404.223831950188,2142.3483179261357
1956-05-01,2642.950438596491,2470.573591763595,2437.9152538059298,2308,2505.2821629850005,2413.080643194861,2292.6481602948625
1956-06-01,2797.4241228070173,2626.0294808026924,2587.718303877142,2529,2466.5777205896356,2488.5244332262896,2228.112918046335
1956-07-01,3187.634649122807,3017.2222092428,2973.2904979874993,2573,3128.94038492405,2976.3122812425186,2774.352124124238
1956-08-01,4292.424122807017,4122.993878998552,4073.473941400158,3946,3913.0950887987256,3406.807220003607,4060.843442770124
1956-09-01,3542.634649122807,3374.1866132991267,3319.11073937828,3200,3454.687712958796,3576.161313368269,2806.723760822857
1956-10-01,3073.5820175438594,2906.1161866860293,2845.5166813955466,2574,2759.3893670055586,3163.2174240959134,2876.90077444511
1956-11-01,2894.0557017543856,2727.5720727820044,2661.4812411361677,2422,2688.768229219583,2584.352714553314,2486.6485372491134
1956-12-01,2655.529385964912,2490.0279582348094,2418.478102810672,2446,2445.9061196706334,2348.3878613890815,2227.8933668734135
1957-01-01,2478.7429824561405,2314.714857084109,2265.8075846572137,2828,2204.7062859787584,2185.1796727079673,2091.8702211722702
1957-02-01,2461.1114035087717,2299.0476926819074,2244.7782932655227,2879,2311.3383303432356,2448.903042626643,2407.0695358481307
1957-03-01,2597.7956140350875,2437.696315618512,2378.129395215282,2800,2337.2299862125265,2700.4151369310025,2905.136984827648
1957-04-01,2705.8482456140346,2547.713358752213,2482.9135220854378,2835,2475.349851595877,2694.9031247874746,2853.957148452494
1957-05-01,2768.7429824561405,2612.5725064091043,2542.6043580865153,2585,2610.1216195495435,2732.7325820056412,2897.5513764678635
1957-06-01,2923.2166666666662,2769.0105997382543,2693.9387453237778,2787,2572.9452828774556,2659.6898078148392,2817.8779052974987
1957-07-01,3313.4271929824563,3161.1855324684147,3081.074578534068,3334,3236.8681639231145,3023.917481850934,3066.490056054574
1957-08-01,4418.216666666666,4267.939406514219,4182.853962980544,4746,4022.615195497003,3884.902627346026,4598.273226424708
1957-09-01,3668.4271929824554,3520.1143451048465,3430.119003926361,3613,3565.8322583442505,4106.600753538058,3770.81687168409
1957-10-01,3199.374561403509,3053.026122781802,2958.185490845206,3463,2872.190462066158,3278.386154500387,3358.173752999256
1957-11-01,3019.848245614035,2875.4642131678293,2775.8428974212893,3274,2803.257984943294,3029.6603856788624,3140.2279558658556
1957-12-01,2781.3219298245613,2638.9023029106875,2534.564907865137,2801,2562.116647045421,2966.9218768136325,3198.6634411760806
1958-01-01,2604.5355263157894,2464.5714060500395,2383.6518404149037,2488,2322.669695992591,2920.55104975893,3015.6472338982257
1958-02-01,2586.9039473684206,2449.8864459378906,2364.4123016603207,2386,2431.086733984079,2799.3892474652607,2715.9089328706305
1958-03-01,2723.5881578947365,2589.517273164547,2499.585458181069,2428,2458.795494468348,2821.5219132565244,2707.301458926191
1958-04-01,2831.640789473684,2700.5165205883004,2606.223941556097,2678,2598.764575454644,2845.8029932995028,2657.630920441685
1958-05-01,2894.5355263157894,2766.357872535245,2667.801435995928,2744,2735.4176699992204,2838.562465056754,2613.6900481751854
1958-06-01,3049.0092105263157,2923.7781701544477,2821.0547836058267,2772,2700.154770906011,3042.371757274881,2952.8271286167073
1958-07-01,3439.219736842105,3316.935307174661,3210.141879122635,3520,3366.0232005185135,3565.873986393921,3085.3079625306946
1958-08-01,4544.009210526315,4424.671385510517,4313.90482780951,3833,4153.747891647212,4285.592189263006,4557.493740505441
1958-09-01,3794.219736842105,3677.828528391198,3563.1857349296106,3377,3698.9747250372393,3974.076873185363,3274.4537088830193
1958-10-01,3325.1671052631573,3211.722510358205,3093.30038995662,3013,3007.37481028989,3676.3986365297583,2906.6835564745124
1958-11-01,3145.640789473684,3035.1428050342856,2913.03826657475,2871,2940.5163256857377,3313.8361574748315,2852.617668510902
1958-12-01,2907.1144736842107,2799.563099067196,2673.8730489945265,2592,2701.4810912945422,2943.213558510374,2579.71740776787
1959-01-01,2730.3280701754384,2626.2144064966005,2525.1050554541043,2375,2464.172354736357,2630.385082549272,2609.4389480750306
1959-02-01,2712.69649122807,2612.5116506745044,2508.0428925432143,2304,2574.7597182104564,2520.8115625702712,2358.9496750089147
1959-03-01,2849.380701754386,2753.1246821912137,2645.4257268415377,2464,2604.670915165305,2591.7053241619537,2262.9825896095645
1959-04-01,2957.4333333333334,2865.10613390502,2754.306189928023,2557,2746.8745436101444,2810.6061060832185,2511.748669102959
1959-05-01,3020.3280701754384,2931.9296901420166,2818.157966013193,2739,2885.7942966012324,2865.2400590837724,2421.8264626730206
1959-06-01,3174.8017543859646,3090.332192051272,2973.717897202312,2714,2852.830166942499,3081.9004744080444,2771.0584830533
1959-07-01,3565.012280701754,3484.4715333615377,3365.143878232225,3102,3521.029476977449,3503.6185882419873,3294.38921096169
1959-08-01,4669.801754385964,4593.189815987446,4471.278014366086,3961,4311.117159516557,3758.0948880279625,4096.696249395777
1959-09-01,3920.012280701754,3847.32916315818,3722.962410867052,3772,3858.7390953049626,3884.399011893371,3243.8098446354616
1959-10-01,3450.9596491228067,3382.2053494152397,3255.5128572088124,3245,3169.5663939439564,3622.044721303995,3226.7241118635084
1959-11-01,3271.433333333333,3206.6078483813726,3077.718827075574,3104,3105.1672337141144,3214.554128985458,3136.503953173662
1959-12-01,3032.9070175438596,2972.010346704336,2841.054004677864,2869,2868.623434685198,2933.322067998999,2693.5769136677955
1960-01-01,2856.120614035088,2799.643858423793,2694.818708253839,2513,2633.838244477257,2684.0772938156624,2496.7203729793346
1960-02-01,2838.4890350877195,2786.9233068917497,2680.3215443932268,2385,2746.981265289566,2517.177722978664,2474.9297271366595
1960-03-01,2975.1732456140344,2928.5185426985113,2820.301679675711,2756,2779.4802305705934,2601.6257808713344,2536.353133182487
1960-04-01,3083.2258771929824,3041.4821987023697,2931.8117456802383,2927,2924.303738329577,2894.7603404988895,2860.1896413747427
1960-05-01,3146.120614035088,3109.2879592294194,2998.3254266173335,2940,3065.8754816227765,3055.517673387243,3068.0907629429967
1960-06-01,3300.5942982456136,3268.6726654287277,3156.579564592259,3180,3035.595453254122,3074.59995614965,2925.4689977962535
1960-07-01,3690.804824561403,3663.7942110290455,3550.732054341861,3791,3706.510975567115,3519.4850199687285,3659.8518246975273
1960-08-01,4795.594298245614,4773.494697945007,4659.625001129291,4093,4499.346981372234,4120.807627056549,4369.986949818151
1960-09-01,4045.8048245614023,4028.6162494057926,3914.1005102177137,4309,4049.749351414618,4091.585796345548,3852.532619190846
1960-10-01,3576.752192982456,3564.474639952906,3449.474371080808,3532,3363.3891952955546,3946.670133226011,3658.159265917131
1960-11-01,3397.2258771929824,3389.859343209091,3274.5360574027873,3408,3301.834691295626,3488.68076323121,3519.8667358157945
1960-12-01,3158.6995614035086,3156.2440458221067,3040.759253394176,2839,3068.1676594845876,3206.186158580578,3169.9706993263353
1961-01-01,2981.9131578947367,2984.8597618316167,2897.4442772931316,2792,2836.29134748249,2711.5452700484902,2723.2670553641456
1961-02-01,2964.281578947368,2973.1214145896256,2885.899735689384,2798,2952.3753574886114,2711.532403315189,2658.561616784177
1961-03-01,3100.965789473684,3115.69885468644,3028.8647951626144,3007,2987.847422951417,2961.2915157076036,3067.374063412337
1961-04-01,3209.0184210526313,3229.644714980351,3143.392087291769,3086,3135.6761418801425,3190.4929440160076,3119.961552508722
1961-05-01,3271.9131578947367,3298.4326797974536,3212.955296287373,3201,3280.285207331055,3262.5133000968613,3206.9284323851753
1961-06-01,3426.386842105263,3458.7995902868142,3374.2912642546926,3428,3253.0746121080774,3506.873576553821,3341.1050136827334
1961-07-01,3816.597368421052,3854.903340177185,3771.557885930567,3754,3927.0916785547142,3909.7206341596698,3821.3504618258376
1961-08-01,4921.386842105263,4965.586031383199,4883.597266578155,4917,4723.061339481446,4181.346276780446,4432.251998404896
1961-09-01,4171.597368421052,4221.689787134037,4141.251511460614,3760,4276.629475633406,4534.417102189751,4696.851113640492
1961-10-01,3702.5447368421046,3758.5303819712026,3679.836410051629,3609,3593.4671966118885,3869.4679941613176,3538.887514253568
1961-11-01,3523.0184210526313,3584.89728951744,3508.141436035411,3471,3535.1426806974705,3603.2254408866406,3329.0632303282146
1961-12-01,3284.492105263158,3352.2641964205086,3277.6402736224854,3347,3304.737747959909,3233.892557109285,3106.1618820762087
1962-01-01,3107.705701754386,3181.862116720071,3137.633241051009,3333,3076.155646019258,3150.2472883936343,3041.8876847989286
1962-02-01,3090.0741228070174,3171.105973768133,3129.428944910709,3456,3195.565977074788,3178.433085080119,3157.8059292859953
1962-03-01,3226.758333333333,3314.665618155,3275.7665517812693,3569,3234.39647457497,3417.952678673082,3508.9694468199123
1962-04-01,3334.8109649122807,3429.5936827389637,3393.6986932416376,3900,3385.615736529042,3540.239100921186,3671.2379223935204
1962-05-01,3397.7057017543857,3499.3638518461185,3466.699053502337,3909,3533.647455993265,3727.192542598792,3822.9446085669542
1962-06-01,3552.1793859649124,3660.712966625532,3631.5044746686326,4098,3509.8916257715655,3851.997763115904,4067.8272948959293
1962-07-01,3942.3899122807015,4057.798920805955,4032.272851477368,4826,4187.395568207447,4202.481698684726,4693.263911084071
1962-08-01,5047.1793859649115,5169.463816302022,5147.846289191695,5770,4986.884216111389,4640.694589770635,5366.609942883282
1962-09-01,4297.3899122807015,4426.549776342912,4409.06689307478,5108,4544.003450228529,4583.9901209256395,5154.450021952176
1962-10-01,3828.337280701754,3964.3725754701304,3951.250452600302,4360,3864.424380160156,4318.317729553967,4721.733864279409
1962-11-01,3648.8109649122807,3791.721687306421,3783.186441452472,4100,3809.715184186847,3910.008990652404,4350.547876672563
1962-12-01,3410.2846491228074,3560.070798499542,3556.3485438418156,3562,3582.957682378365,3677.5378395248904,3874.6334356802563
1963-01-01,3233.498245614035,3390.650923089157,3420.0370780064895,3284,3358.0551223547563,3407.435558001305,3743.420805368858
1963-02-01,3215.866666666667,3380.876984427271,3415.560650536225,3278,3481.177106315298,3341.4974455372085,3596.469915140806
1963-03-01,3352.5508771929826,3525.418833104191,3565.6584280107018,3424,3523.751367708458,3522.7185503932783,3698.887484754231
1963-04-01,3460.6035087719292,3641.3291019782073,3687.383042008868,3843,3678.7465045434737,3807.9399269871774,3788.8564572694413
1963-05-01,3523.498245614035,3712.0814753754144,3764.208176741249,3614,3830.586209876608,4007.7632596513354,3874.8666531084436
1963-06-01,3677.971929824561,3874.41279444488,3932.870674313108,3536,3810.670476511787,4080.40292805217,3987.5054007648005
1963-07-01,4068.182456140351,4272.480952915355,4337.528429461287,4505,4492.046626792513,4401.946567035039,4170.540755705464
1963-08-01,5172.971929824561,5385.128052701475,5457.023547448943,5456,5295.439593529266,4813.052522192538,5438.841554397917
1963-09-01,4423.18245614035,4643.196217032419,4722.198133539237,4881,4856.4952574671825,4835.641285469419,4534.1230016725785
1963-10-01,3954.129824561403,4182.001220449689,4268.367977205849,4041,4180.884728207553,4534.03449324617,4224.892197721685
1963-11-01,3774.60350877193,4010.332536576033,4104.322552132991,3724,4130.1761840309555,4098.6470972127245,3900.44835558068
1963-12-01,3536.077192982456,3779.663852059206,3881.535542531189,3525,3907.451445007152,3657.273144179082,3341.9721077790655
1964-01-01,3359.290789473684,3611.2261809388738,3749.3072666386015,3437,3686.613758756188,3391.9876130686503,3258.504439803579
1964-02-01,3341.6592105263153,3602.4344465670406,3748.946331044958,3324,3813.832727477341,3375.1694246503785,3389.293976885231
1964-03-01,3478.343421052632,3747.958499534013,3903.191902329935,3977,3860.536084619078,3548.3578113770463,3465.3293052080717
1964-04-01,3586.396052631578,3864.850972698082,4029.096612072485,4025,4019.6924281906386,4034.156887867859,4055.996800949575
1964-05-01,3649.290789473683,3936.585550385342,4110.134144483132,4016,4175.725451248283,3935.6203744661966,3891.0728557447364
1964-06-01,3803.7644736842103,4099.89907374486,4283.041341667139,4031,4160.03514659594,3979.800076862784,4003.4331578820547
1964-07-01,4193.974999999999,4498.949436505389,4691.976098361349,4489,4845.6688365771115,4417.164980854935,4889.017150948133
1964-08-01,5298.76447368421,5612.578740581561,5815.780519828917,5563,5653.351454002276,4732.131226207494,5610.526096567959
1964-09-01,4548.974999999999,4871.629109202557,5085.296711333004,5709,5218.728879616568,4789.111969329059,4993.839208255449
1964-10-01,4079.922368421052,4411.416316909879,4635.8404623472925,4620,4547.472223021285,4626.783760468807,4611.948816204971
1964-11-01,3900.396052631578,4240.729837326276,4476.201246555995,4160,4501.149662496999,4157.653057790015,4419.473631015171
1964-12-01,3661.869736842106,4011.0433570995015,4257.852748169634,4012,4282.843018113468,3795.076501892064,3886.5922268055365
1965-01-01,3485.0833333333335,3843.587890269222,4130.09528542637,3987,4066.4555374907513,3613.491023627781,3701.173794999824
1965-02-01,3467.4517543859647,3835.778360187441,4134.237464915927,4155,4198.156822828114,3640.103878657564,3895.155507517572
1965-03-01,3604.135964912281,3982.2846174444658,4293.0184532179965,4054,4249.374607574031,4024.20811589477,4460.723871879491
1965-04-01,3712.188596491228,4100.159294898587,4423.4908819115135,4485,4413.077489737737,4089.550670374306,4488.057238938567
1965-05-01,3775.083333333333,4172.8760768759,4509.1284352070115,4558,4573.689162375492,4240.221647027616,4394.346898340462
1965-06-01,3929.55701754386,4337.171804525471,4686.667955209751,4462,4562.609618291227,4281.381917532497,4428.269716313418
1965-07-01,4319.767543859649,4737.204371576052,5100.267336656576,4594,5252.886179828439,4481.513252282017,5159.303705223094
1965-08-01,5424.557017543859,5851.815879942276,6228.768684810643,6481,6065.243779797616,4778.684273490578,5971.379865484803
1965-09-01,4674.767543859649,5111.848452853325,5503.0141049351105,6345,5635.328298943885,5050.542413196852,5942.58469435291
1965-10-01,4205.714912280701,4652.617864850701,5058.31938650366,5142,4968.810846868545,4857.925110834974,5245.124647457478
1965-11-01,4026.188596491228,4482.913589557149,4903.474003200507,4824,4927.259601852172,4431.77196187052,4800.60449984801
1965-12-01,3787.662280701755,4254.209313620428,4689.95163923617,4573,4713.75638396452,4206.089709741723,4601.677349065787
1966-01-01,3610.8758771929824,4087.736051080201,4567.052612848814,4158,4502.204440825646,4089.32985772056,4564.1271986065585
1966-02-01,3593.244298245613,4080.908725288473,4576.0855306281655,4140,4638.773374634822,3902.2440398219974,4314.902644845188
1966-03-01,3729.92850877193,4228.397186835549,4739.789559153903,4251,4694.890918840514,3948.1416713678186,4516.756323819856
1966-04-01,3837.9811403508775,4347.254068579725,4875.217330004977,4734,4863.525671451965,4280.353412600477,4689.039323689931
1966-05-01,3900.8758771929824,4420.953054847088,4965.842527391912,4858,5029.101325525432,4460.173004249399,4737.319601646201
1966-06-01,4055.349561403509,4586.230986786713,5148.401993419969,4798,5023.017873864842,4451.897875796188,4728.008763301079
1966-07-01,4445.560087719298,4987.245758127347,5567.053622825994,5080,5718.3226388137,4630.997576738004,5127.123344642403
1966-08-01,5550.349561403508,6102.839470783624,6700.639520873146,6905,6535.740553182488,5000.383181644891,6526.318903698089
1966-09-01,4800.560087719298,5363.854247984725,5980.001792824577,5504,6110.917497716336,5146.0802019829225,6673.2772118921675
1966-10-01,4331.507456140351,4905.605864272153,5540.456228153976,5457,5449.524582016541,4798.048667516635,4949.217420705094
1966-11-01,4151.9811403508775,4736.883793268654,5390.792300545549,5198,5413.129984363676,4677.478469913071,4777.102185386804
1966-12-01,3913.454824561404,4509.161721621986,5182.483694209825,4890,5204.8155248275025,4495.8350006125675,4907.60242833056
